{"cameraMode":{"drawMode":0,"name":"Shaded","section":"Shading Mode"},"sceneLighting":true,"audioPlay":false,"sceneViewState":{"showFog":true,"showMaterialUpdate":false,"showSkybox":true,"showFlares":true,"showImageEffects":true,"showParticleSystems":true},"in2DMode":false,"pivot":{"x":-30.801189422607423,"y":-10.601186752319336,"z":-11.572039604187012},"rotation":{"x":-0.08738572150468826,"y":0.8147630095481873,"z":-0.12739874422550202,"w":-0.558844268321991},"size":36.77016067504883,"orthographic":false}